entry_time,exit_time,direction,entry_price,exit_price,position_size,rsi,macd,signal_line,+DI,-DI,adx,divergence,entry_reason,profit,return_pct,capital_left,entry_sl
2015-01-09 11:45:00+05:30,2015-01-30 14:10:00+05:30,buy,8254.8,8799.1,0.6057,20.72,-9.2047,-6.5079,2.24,5.63,63.82,bullish,"RSI < oversold, ADX strong, Bullish Divergence",329.68,6.59,50329.68,8089.7
2015-01-30 14:55:00+05:30,2015-02-06 15:10:00+05:30,buy,8796.8,8654.7,0.5684,26.44,-13.4636,-13.2767,2.79,9.72,37.53,bullish,"RSI < oversold, ADX strong, Bullish Divergence",-80.77,-1.62,50248.91,8620.86
2015-02-06 15:20:00+05:30,2015-02-12 09:15:00+05:30,short,8667.85,8662.95,0.5768,38.98,-7.4229,-7.2214,1.11,21.71,66.93,bearish,"MACD < Signal, -DI > +DI, ADX strong, Bearish Divergence",2.83,0.06,50251.74,8841.21
2015-02-12 09:35:00+05:30,2015-02-13 12:00:00+05:30,short,8638.2,8779.65,0.5788,47.92,4.8329,4.6044,26.7,2.16,48.84,bearish,"ADX strong, Bearish Divergence",-81.87,-1.64,50169.87,8810.96
2015-02-13 12:05:00+05:30,2015-02-24 14:35:00+05:30,buy,8776.5,8727.35,0.5697,80.11,9.8441,8.3511,28.17,28.4,52.34,bullish,"MACD > Signal, ADX strong, Bullish Divergence",-28.0,-0.56,50141.87,8600.97
2015-02-24 15:20:00+05:30,2015-02-28 13:20:00+05:30,buy,8759.55,8753.3,0.5708,44.28,-1.8402,-2.6955,12.11,10.87,24.94,bullish,"MACD > Signal, +DI > -DI, ADX strong, Bullish Divergence",-3.57,-0.07,50138.3,8584.36
2015-02-28 13:25:00+05:30,2015-03-02 09:15:00+05:30,short,8769.55,8956.4,0.5702,21.09,-27.8063,-16.3604,9.47,8.42,12.67,bearish,"MACD < Signal, Bearish Divergence",-106.54,-2.13,50031.76,8944.94
2015-03-02 09:50:00+05:30,2015-03-04 14:50:00+05:30,buy,8959.6,8902.9,0.5581,78.71,33.8532,28.8587,31.84,23.51,23.45,bullish,"MACD > Signal, +DI > -DI, ADX strong, Bullish Divergence",-31.64,-0.63,50000.11,8780.41
2015-03-04 15:15:00+05:30,2015-03-09 13:40:00+05:30,buy,8917.55,8764.0,0.5607,21.77,-33.3254,-26.3474,7.83,6.26,42.89,bullish,"RSI < oversold, +DI > -DI, ADX strong, Bullish Divergence",-86.1,-1.72,49914.02,8739.2
2015-03-09 14:25:00+05:30,2015-03-19 10:05:00+05:30,short,8777.45,8786.25,0.5696,39.66,-9.7025,-10.612,11.4,20.56,16.93,bearish,"-DI > +DI, Bearish Divergence",-5.01,-0.1,49909.01,8953.0
2015-03-19 10:45:00+05:30,2015-03-30 13:20:00+05:30,short,8766.25,8446.8,0.5704,34.77,14.7911,17.8232,11.5,3.23,37.81,bearish,"MACD < Signal, ADX strong, Bearish Divergence",182.21,3.64,50091.22,8941.58
2015-03-30 13:30:00+05:30,2015-04-06 13:40:00+05:30,short,8442.85,8615.5,0.5922,81.22,9.8499,7.365,21.38,28.21,8.62,bearish,"RSI > overbought, -DI > +DI, Bearish Divergence",-102.24,-2.04,49988.98,8611.71
2015-04-06 14:10:00+05:30,2015-04-09 14:55:00+05:30,short,8628.7,8763.8,0.5795,72.67,9.8535,8.1935,22.1,23.87,15.58,bearish,"RSI > overbought, -DI > +DI, Bearish Divergence",-78.29,-1.57,49910.69,8801.27
2015-04-09 15:15:00+05:30,2015-04-23 09:15:00+05:30,short,8781.75,8461.0,0.5694,85.77,10.7751,5.086,26.68,34.38,26.04,bearish,"RSI > overbought, -DI > +DI, ADX strong, Bearish Divergence",182.64,3.65,50093.32,8957.38
2015-04-23 09:20:00+05:30,2015-05-04 15:05:00+05:30,short,8461.25,8327.5,0.5909,90.66,27.0443,17.1952,45.41,20.4,14.92,bearish,"RSI > overbought, Bearish Divergence",79.03,1.58,50172.35,8630.48
2015-05-04 15:15:00+05:30,2015-05-08 11:05:00+05:30,short,8333.8,8170.75,0.6,65.84,10.0252,4.2766,24.1,30.37,15.99,bearish,"-DI > +DI, Bearish Divergence",97.83,1.96,50270.18,8500.48
2015-05-08 11:45:00+05:30,2015-05-15 09:20:00+05:30,short,8173.7,8277.65,0.6117,62.77,12.5434,15.4841,18.32,19.86,23.93,bearish,"MACD < Signal, -DI > +DI, ADX strong, Bearish Divergence",-63.59,-1.27,50206.6,8337.17
2015-05-15 09:45:00+05:30,2015-05-19 12:10:00+05:30,short,8245.6,8399.25,0.6064,56.87,12.9866,12.6045,21.64,24.76,13.08,bearish,"-DI > +DI, Bearish Divergence",-93.17,-1.86,50113.42,8410.51
2015-05-19 12:20:00+05:30,2015-06-01 09:15:00+05:30,short,8397.25,8442.75,0.5954,78.82,10.5117,7.7949,38.48,20.46,25.23,bearish,"RSI > overbought, ADX strong, Bearish Divergence",-27.09,-0.54,50086.33,8565.2
2015-06-01 09:30:00+05:30,2015-06-17 13:45:00+05:30,short,8436.35,8106.55,0.5927,61.27,9.9791,9.3963,17.14,22.01,27.77,bearish,"-DI > +DI, ADX strong, Bearish Divergence",195.47,3.91,50281.81,8605.08
2015-06-17 14:15:00+05:30,2015-06-29 09:15:00+05:30,buy,8110.85,8221.1,0.6165,72.85,9.5595,6.8431,29.94,17.38,21.51,bullish,"MACD > Signal, +DI > -DI, ADX strong, Bullish Divergence",67.97,1.36,50349.78,7948.63
2015-06-29 09:35:00+05:30,2015-07-08 11:05:00+05:30,buy,8231.95,8380.65,0.6074,21.12,-36.4633,-18.6518,2.21,13.59,38.4,bullish,"RSI < oversold, ADX strong, Bullish Divergence",90.32,1.81,50440.1,8067.31
2015-07-08 11:40:00+05:30,2015-07-15 09:20:00+05:30,short,8376.3,8485.9,0.5969,17.12,-25.8214,-23.6996,3.34,8.75,24.19,bearish,"MACD < Signal, -DI > +DI, ADX strong, Bearish Divergence",-65.42,-1.31,50374.68,8543.83
2015-07-15 09:25:00+05:30,2015-07-31 11:00:00+05:30,short,8494.05,8499.6,0.5886,69.63,5.337,2.2417,26.54,23.02,14.77,bearish,Bearish Divergence,-3.27,-0.07,50371.41,8663.93
2015-07-31 11:05:00+05:30,2015-08-11 14:10:00+05:30,buy,8497.7,8445.9,0.5884,83.76,10.9814,9.5175,29.27,43.18,42.9,bullish,"MACD > Signal, ADX strong, Bullish Divergence",-30.48,-0.61,50340.93,8327.75
2015-08-11 14:35:00+05:30,2015-08-21 09:15:00+05:30,buy,8466.15,8255.25,0.5906,45.23,-5.3928,-7.0608,13.23,12.06,34.42,bullish,"MACD > Signal, +DI > -DI, ADX strong, Bullish Divergence",-124.56,-2.49,50216.37,8296.83
2015-08-21 09:50:00+05:30,2015-08-25 12:55:00+05:30,short,8260.0,7849.15,0.6053,24.07,-42.2352,-36.3017,7.28,9.11,13.99,bearish,"MACD < Signal, -DI > +DI, Bearish Divergence",248.69,4.97,50465.06,8425.2
2015-08-25 13:00:00+05:30,2015-08-27 13:10:00+05:30,short,7860.15,7943.7,0.6361,83.22,17.3215,2.248,29.6,32.29,12.15,bearish,"RSI > overbought, -DI > +DI, Bearish Divergence",-53.15,-1.06,50411.91,8017.35
2015-08-27 14:20:00+05:30,2015-09-08 14:25:00+05:30,short,7954.15,7708.0,0.6286,54.1,11.4616,11.7373,14.42,20.68,17.74,bearish,"MACD < Signal, -DI > +DI, Bearish Divergence",154.73,3.09,50566.64,8113.23
2015-09-08 14:45:00+05:30,2015-09-22 13:50:00+05:30,buy,7704.3,7875.8,0.649,79.29,22.4265,20.3452,28.76,32.57,14.17,bullish,"MACD > Signal, Bullish Divergence",111.3,2.23,50677.95,7550.21
2015-09-22 13:55:00+05:30,2015-09-29 09:15:00+05:30,buy,7869.6,7712.1,0.6354,11.66,-24.6095,-14.9746,0.64,4.07,67.38,bullish,"RSI < oversold, ADX strong, Bullish Divergence",-100.08,-2.0,50577.87,7712.21
2015-09-29 09:30:00+05:30,2015-10-28 13:25:00+05:30,buy,7718.1,8155.1,0.6478,9.02,-34.9164,-24.564,2.64,8.76,21.55,bullish,"RSI < oversold, ADX strong, Bullish Divergence",283.09,5.66,50860.96,7563.74
2015-10-28 14:00:00+05:30,2015-11-02 11:30:00+05:30,buy,8169.65,8013.75,0.612,35.73,-7.609,-8.6155,13.89,15.24,26.92,bullish,"MACD > Signal, ADX strong, Bullish Divergence",-95.41,-1.91,50765.55,8006.26
2015-11-02 11:45:00+05:30,2015-11-05 15:25:00+05:30,buy,8014.7,7947.95,0.6239,30.36,-8.6627,-8.5824,6.56,12.51,21.4,bullish,"ADX strong, Bullish Divergence",-41.65,-0.83,50723.9,7854.41
2015-11-06 09:20:00+05:30,2015-11-20 10:45:00+05:30,short,7993.55,7872.95,0.6255,48.29,-7.9622,-9.6427,23.54,25.27,20.65,bearish,"-DI > +DI, ADX strong, Bearish Divergence",75.44,1.51,50799.34,8153.42
2015-11-20 10:50:00+05:30,2015-12-16 09:35:00+05:30,short,7874.4,7731.1,0.635,67.72,6.4148,1.8368,42.12,28.75,21.65,bearish,"ADX strong, Bearish Divergence",91.0,1.82,50890.33,8031.89
2015-12-16 09:45:00+05:30,2015-12-28 09:15:00+05:30,short,7724.8,7885.85,0.6473,66.43,14.4756,13.409,27.51,18.24,33.57,bearish,"ADX strong, Bearish Divergence",-104.25,-2.08,50786.09,7879.3
2015-12-28 09:25:00+05:30,2016-01-14 13:10:00+05:30,short,7889.8,7579.3,0.6337,76.15,6.6557,2.6168,37.97,29.56,22.29,bearish,"RSI > overbought, ADX strong, Bearish Divergence",196.76,3.94,50982.85,8047.6
2016-01-14 14:55:00+05:30,2016-01-18 09:55:00+05:30,buy,7535.85,7400.6,0.6635,45.28,-5.212,-2.067,10.26,6.49,27.63,bullish,"+DI > -DI, ADX strong, Bullish Divergence",-89.74,-1.79,50893.11,7385.13
2016-01-18 10:30:00+05:30,2016-01-20 09:20:00+05:30,buy,7418.1,7307.65,0.674,53.05,-16.1358,-19.8937,13.44,19.14,19.96,bullish,"MACD > Signal, Bullish Divergence",-74.44,-1.49,50818.67,7269.74
2016-01-20 09:45:00+05:30,2016-01-22 10:50:00+05:30,short,7304.25,7390.8,0.6845,18.38,-33.7262,-21.4982,3.23,10.52,18.73,bearish,"MACD < Signal, -DI > +DI, Bearish Divergence",-59.24,-1.18,50759.43,7450.34
2016-01-22 11:25:00+05:30,2016-01-29 14:35:00+05:30,short,7409.1,7546.1,0.6748,69.27,20.4164,21.082,24.03,26.47,27.07,bearish,"MACD < Signal, -DI > +DI, ADX strong, Bearish Divergence",-92.45,-1.85,50666.98,7557.28
2016-01-29 14:45:00+05:30,2016-02-08 11:00:00+05:30,short,7541.4,7505.5,0.663,54.4,8.5446,8.6917,13.13,20.74,17.92,bearish,"MACD < Signal, -DI > +DI, Bearish Divergence",23.8,0.48,50690.78,7692.23
2016-02-08 11:45:00+05:30,2016-02-12 14:45:00+05:30,short,7495.4,7029.3,0.6671,46.32,3.0139,4.3201,8.14,17.69,17.51,bearish,"MACD < Signal, -DI > +DI, Bearish Divergence",310.94,6.22,51001.72,7645.31
2016-02-12 15:00:00+05:30,2016-02-17 09:15:00+05:30,buy,6987.3,7025.25,0.7156,54.29,14.6592,14.7505,17.36,17.72,8.16,bullish,Bullish Divergence,27.16,0.54,51028.87,6847.55
2016-02-17 09:25:00+05:30,2016-02-23 15:15:00+05:30,buy,7027.75,7103.4,0.7115,34.08,-19.5826,-18.1845,13.28,8.85,20.94,bullish,"+DI > -DI, ADX strong, Bullish Divergence",53.82,1.08,51082.7,6887.2
2016-02-24 09:35:00+05:30,2016-02-29 12:55:00+05:30,short,7059.2,7020.4,0.7083,16.51,-18.0251,-12.1912,1.95,12.93,32.06,bearish,"MACD < Signal, -DI > +DI, ADX strong, Bearish Divergence",27.48,0.55,51110.18,7200.38
2016-02-29 13:00:00+05:30,2016-03-01 09:45:00+05:30,short,7041.5,7127.3,0.7101,51.43,-5.0499,-15.9329,13.81,22.34,29.6,bearish,"-DI > +DI, ADX strong, Bearish Divergence",-60.93,-1.22,51049.25,7182.33
2016-03-01 09:55:00+05:30,2016-03-16 11:35:00+05:30,buy,7135.55,7419.1,0.7007,85.4,29.3254,17.1836,48.0,24.32,37.32,bullish,"MACD > Signal, +DI > -DI, ADX strong, Bullish Divergence",198.68,3.97,51247.94,6992.84
2016-03-16 11:40:00+05:30,2016-04-05 15:00:00+05:30,buy,7412.65,7618.15,0.6745,29.05,-7.4489,-6.6681,8.32,10.12,27.97,bullish,"RSI < oversold, ADX strong, Bullish Divergence",138.61,2.77,51386.55,7264.4
2016-04-05 15:20:00+05:30,2016-04-12 09:15:00+05:30,short,7596.3,7681.35,0.6582,32.11,-11.161,-8.488,11.28,16.19,38.6,bearish,"MACD < Signal, -DI > +DI, ADX strong, Bearish Divergence",-55.98,-1.12,51330.57,7748.23
2016-04-12 09:25:00+05:30,2016-04-13 10:35:00+05:30,short,7688.8,7840.05,0.6503,87.14,27.003,25.2461,41.5,42.8,10.89,bearish,"RSI > overbought, -DI > +DI, Bearish Divergence",-98.36,-1.97,51232.21,7842.58
2016-04-13 10:45:00+05:30,2016-04-27 10:15:00+05:30,short,7838.3,7983.6,0.6379,65.53,26.968,28.4066,24.47,20.28,36.54,bearish,"MACD < Signal, ADX strong, Bearish Divergence",-92.69,-1.85,51139.52,7995.07
2016-04-27 10:25:00+05:30,2016-05-09 11:00:00+05:30,short,7981.2,7838.45,0.6265,62.72,7.6933,7.531,16.3,41.35,30.46,bearish,"-DI > +DI, ADX strong, Bearish Divergence",89.43,1.79,51228.95,8140.82
2016-05-09 11:05:00+05:30,2016-05-17 12:45:00+05:30,short,7839.15,7932.85,0.6378,72.46,19.4998,21.6094,25.77,25.16,17.62,bearish,"RSI > overbought, MACD < Signal, Bearish Divergence",-59.76,-1.2,51169.19,7995.93
2016-05-17 13:15:00+05:30,2016-05-25 11:40:00+05:30,short,7923.05,7877.65,0.6311,47.64,6.3881,8.011,18.01,15.57,30.96,bearish,"MACD < Signal, ADX strong, Bearish Divergence",28.65,0.57,51197.84,8081.51
2016-05-25 12:40:00+05:30,2016-05-26 15:00:00+05:30,short,7886.05,8059.35,0.634,63.86,10.1998,12.5028,24.95,18.24,17.47,bearish,"MACD < Signal, Bearish Divergence",-109.87,-2.2,51087.97,8043.77
2016-05-27 09:25:00+05:30,2016-06-07 12:40:00+05:30,short,8113.7,8274.45,0.6162,88.89,25.3359,19.2609,41.39,42.16,11.21,bearish,"RSI > overbought, -DI > +DI, Bearish Divergence",-99.05,-1.98,50988.92,8275.97
2016-06-07 12:45:00+05:30,2016-06-20 12:45:00+05:30,short,8284.65,8229.2,0.6035,81.16,10.7735,7.0282,31.76,25.4,12.83,bearish,"RSI > overbought, Bearish Divergence",33.46,0.67,51022.38,8450.34
2016-06-20 12:55:00+05:30,2016-06-24 15:05:00+05:30,short,8217.8,8093.3,0.6084,67.33,9.8926,8.941,19.77,26.28,11.78,bearish,"-DI > +DI, Bearish Divergence",75.75,1.52,51098.13,8382.16
2016-06-24 15:10:00+05:30,2016-08-03 15:15:00+05:30,buy,8089.35,8535.65,0.6181,66.79,20.1471,19.1164,18.05,30.81,12.0,bullish,"MACD > Signal, Bullish Divergence",275.86,5.52,51373.99,7927.56
2016-08-04 09:40:00+05:30,2016-08-08 09:15:00+05:30,short,8543.9,8711.0,0.5852,40.41,-7.3687,-5.7512,27.14,11.41,51.89,bearish,"MACD < Signal, ADX strong, Bearish Divergence",-97.79,-1.96,51276.2,8714.78
2016-08-08 09:55:00+05:30,2016-08-30 14:15:00+05:30,short,8717.85,8720.35,0.5735,69.98,17.9925,16.2937,34.05,24.67,18.88,bearish,Bearish Divergence,-1.43,-0.03,51274.76,8892.21
2016-08-30 14:20:00+05:30,2016-09-06 12:10:00+05:30,short,8725.1,8901.45,0.5731,65.33,9.1003,8.8079,20.07,33.16,9.32,bearish,"-DI > +DI, Bearish Divergence",-101.07,-2.02,51173.7,8899.6
2016-09-06 12:20:00+05:30,2016-09-12 09:15:00+05:30,buy,8902.95,8724.2,0.5616,68.81,7.5416,8.7251,19.68,26.86,29.29,bullish,"ADX strong, Bullish Divergence",-100.39,-2.01,51073.31,8724.89
2016-09-12 09:55:00+05:30,2016-09-27 14:40:00+05:30,buy,8734.15,8699.5,0.5725,19.2,-41.5821,-33.793,4.56,12.96,47.46,bullish,"RSI < oversold, ADX strong, Bullish Divergence",-19.84,-0.4,51053.48,8559.47
2016-09-27 15:20:00+05:30,2016-10-03 14:50:00+05:30,short,8713.5,8741.05,0.5738,35.58,-8.7275,-9.6565,14.09,17.8,20.68,bearish,"-DI > +DI, ADX strong, Bearish Divergence",-15.81,-0.32,51037.67,8887.77
2016-10-03 14:55:00+05:30,2016-10-18 15:15:00+05:30,short,8744.3,8680.0,0.5718,66.98,6.9383,5.8761,21.88,22.1,10.95,bearish,"-DI > +DI, Bearish Divergence",36.77,0.74,51074.43,8919.19
2016-10-18 15:20:00+05:30,2016-11-09 13:15:00+05:30,short,8682.75,8363.15,0.5759,82.61,16.6294,15.0709,25.8,35.83,15.04,bearish,"RSI > overbought, -DI > +DI, Bearish Divergence",184.06,3.68,51258.49,8856.41
2016-11-09 14:05:00+05:30,2016-11-10 10:50:00+05:30,short,8442.05,8582.75,0.5923,81.91,41.5886,32.3604,39.27,18.83,33.11,bearish,"RSI > overbought, ADX strong, Bearish Divergence",-83.34,-1.67,51175.16,8610.89
2016-11-10 11:00:00+05:30,2016-11-11 09:35:00+05:30,buy,8574.5,8403.5,0.5831,75.62,30.0687,33.7926,30.32,26.02,26.48,bullish,"+DI > -DI, ADX strong, Bullish Divergence",-99.71,-1.99,51075.45,8403.01
2016-11-11 09:40:00+05:30,2016-11-15 09:15:00+05:30,buy,8400.15,8215.2,0.5952,15.01,-40.0762,-26.7429,1.03,8.45,26.09,bullish,"RSI < oversold, ADX strong, Bullish Divergence",-110.08,-2.2,50965.36,8232.15
2016-11-15 09:20:00+05:30,2016-11-21 09:20:00+05:30,buy,8209.55,8050.5,0.609,18.88,-31.1488,-21.4139,8.34,4.39,30.91,bullish,"RSI < oversold, +DI > -DI, ADX strong, Bullish Divergence",-96.86,-1.94,50868.5,8045.36
2016-11-21 09:40:00+05:30,2016-11-25 12:20:00+05:30,short,8055.2,8079.2,0.6207,32.8,-9.5431,-8.2225,19.62,13.61,23.06,bearish,"MACD < Signal, ADX strong, Bearish Divergence",-14.9,-0.3,50853.6,8216.3
2016-11-25 13:00:00+05:30,2016-12-02 15:00:00+05:30,buy,8071.25,8078.25,0.6195,58.8,8.9837,10.2376,28.63,9.34,39.51,bullish,"+DI > -DI, ADX strong, Bullish Divergence",4.34,0.09,50857.94,7909.82
2016-12-02 15:10:00+05:30,2016-12-19 15:10:00+05:30,buy,8085.65,8104.7,0.6184,23.12,-10.4147,-6.3384,0.32,20.04,48.7,bullish,"RSI < oversold, ADX strong, Bullish Divergence",11.78,0.24,50869.72,7923.94
2016-12-20 09:40:00+05:30,2016-12-23 09:55:00+05:30,buy,8112.1,7943.9,0.6164,43.4,-1.6901,-2.159,23.48,18.95,15.64,bullish,"MACD > Signal, +DI > -DI, Bullish Divergence",-103.68,-2.07,50766.04,7949.86
2016-12-23 10:05:00+05:30,2016-12-28 09:50:00+05:30,short,7949.05,8064.35,0.629,36.45,-8.6698,-6.0736,15.78,9.96,25.0,bearish,"MACD < Signal, ADX strong, Bearish Divergence",-72.52,-1.45,50693.52,8108.03
2016-12-28 10:05:00+05:30,2016-12-30 14:35:00+05:30,short,8070.2,8192.4,0.6196,65.56,21.9032,20.8405,33.42,13.36,35.18,bearish,"ADX strong, Bearish Divergence",-75.72,-1.51,50617.8,8231.6
2016-12-30 14:50:00+05:30,2017-01-06 10:00:00+05:30,short,8194.5,8304.9,0.6102,69.43,4.9678,3.5847,27.86,24.43,22.71,bearish,"ADX strong, Bearish Divergence",-67.37,-1.35,50550.44,8358.39
2017-01-06 10:05:00+05:30,2017-04-19 09:50:00+05:30,buy,8302.15,9081.95,0.6023,75.04,8.7771,7.7454,38.01,17.71,29.11,bullish,"MACD > Signal, +DI > -DI, ADX strong, Bullish Divergence",469.67,9.39,51020.11,8136.11
2017-04-19 10:20:00+05:30,2017-06-27 13:35:00+05:30,buy,9104.8,9500.8,0.5492,52.08,-11.1716,-14.6741,22.53,16.09,13.33,bullish,"MACD > Signal, +DI > -DI, Bullish Divergence",217.48,4.35,51237.59,8922.7
2017-06-27 13:40:00+05:30,2017-08-09 13:40:00+05:30,buy,9496.1,9923.3,0.5265,28.26,-8.358,-7.7693,7.3,3.76,20.65,bullish,"RSI < oversold, +DI > -DI, ADX strong, Bullish Divergence",224.92,4.5,51462.52,9306.18
2017-08-09 14:30:00+05:30,2017-08-11 09:15:00+05:30,buy,9942.2,9724.35,0.5029,56.51,-1.3261,-4.1462,14.93,19.5,21.9,bullish,"MACD > Signal, ADX strong, Bullish Divergence",-109.56,-2.19,51352.96,9743.36
2017-08-11 09:35:00+05:30,2017-09-22 14:35:00+05:30,buy,9737.2,9967.0,0.5135,34.31,-28.7753,-20.1211,7.54,27.14,43.59,bullish,"ADX strong, Bullish Divergence",118.0,2.36,51470.96,9542.46
2017-09-22 15:00:00+05:30,2017-09-27 14:20:00+05:30,buy,9976.0,9751.8,0.5012,37.08,-8.7688,-8.8964,10.03,18.46,42.3,bullish,"MACD > Signal, ADX strong, Bullish Divergence",-112.37,-2.25,51358.59,9776.48
2017-09-27 14:25:00+05:30,2017-10-04 10:00:00+05:30,short,9759.1,9895.4,0.5123,22.71,-12.1639,-8.4446,1.71,10.56,15.56,bearish,"MACD < Signal, -DI > +DI, Bearish Divergence",-69.83,-1.4,51288.77,9954.28
2017-10-04 10:20:00+05:30,2017-11-09 12:50:00+05:30,buy,9904.05,10273.4,0.5048,84.14,11.6707,8.4247,37.71,25.56,23.4,bullish,"MACD > Signal, +DI > -DI, ADX strong, Bullish Divergence",186.45,3.73,51475.21,9705.97
2017-11-09 13:15:00+05:30,2017-11-15 12:55:00+05:30,buy,10295.55,10137.0,0.4856,45.11,-8.444,-10.5855,11.6,24.87,45.24,bullish,"MACD > Signal, ADX strong, Bullish Divergence",-76.99,-1.54,51398.22,10089.64
2017-11-15 13:20:00+05:30,2017-12-01 13:50:00+05:30,buy,10146.8,10197.65,0.4928,44.24,-3.6543,-4.3942,11.03,17.92,23.21,bullish,"MACD > Signal, ADX strong, Bullish Divergence",25.06,0.5,51423.28,9943.86
2017-12-01 14:10:00+05:30,2017-12-08 10:15:00+05:30,short,10191.7,10246.75,0.4906,23.16,-7.3646,-5.0868,1.07,20.64,18.55,bearish,"MACD < Signal, -DI > +DI, Bearish Divergence",-27.01,-0.54,51396.27,10395.53
2017-12-08 10:50:00+05:30,2017-12-15 09:35:00+05:30,short,10248.7,10357.1,0.4879,70.85,20.3611,22.5638,23.52,31.76,18.7,bearish,"RSI > overbought, MACD < Signal, -DI > +DI, Bearish Divergence",-52.89,-1.06,51343.38,10453.67
2017-12-15 09:55:00+05:30,2017-12-18 09:50:00+05:30,short,10369.35,10333.25,0.4822,85.2,45.8508,39.0304,43.05,23.92,33.71,bearish,"RSI > overbought, ADX strong, Bearish Divergence",17.41,0.35,51360.79,10576.74
2017-12-18 10:30:00+05:30,2018-01-08 09:15:00+05:30,short,10397.25,10607.75,0.4809,86.26,20.7972,8.699,29.3,49.22,32.61,bearish,"RSI > overbought, -DI > +DI, ADX strong, Bearish Divergence",-101.23,-2.02,51259.56,10605.2
2018-01-08 09:35:00+05:30,2018-01-18 09:15:00+05:30,short,10606.4,10857.8,0.4714,86.85,16.1968,10.7354,43.4,25.31,26.19,bearish,"RSI > overbought, ADX strong, Bearish Divergence",-118.51,-2.37,51141.05,10818.53
2018-01-18 10:10:00+05:30,2018-01-23 09:15:00+05:30,short,10866.7,11017.5,0.4601,78.16,28.1085,28.644,46.81,13.56,44.77,bearish,"RSI > overbought, MACD < Signal, ADX strong, Bearish Divergence",-69.38,-1.39,51071.67,11084.03
2018-01-23 09:50:00+05:30,2018-02-06 14:00:00+05:30,short,11041.25,10521.95,0.4528,80.06,28.0248,22.398,38.25,35.34,23.42,bearish,"RSI > overbought, ADX strong, Bearish Divergence",235.14,4.7,51306.81,11262.08
2018-02-06 14:55:00+05:30,2018-02-15 12:55:00+05:30,short,10533.0,10616.75,0.4747,64.22,36.7581,37.8179,18.8,29.93,15.77,bearish,"MACD < Signal, -DI > +DI, Bearish Divergence",-39.76,-0.8,51267.05,10743.66
2018-02-15 13:15:00+05:30,2018-02-19 10:00:00+05:30,buy,10578.9,10379.4,0.4726,53.73,5.7815,6.8979,28.65,15.96,26.61,bullish,"+DI > -DI, ADX strong, Bullish Divergence",-94.28,-1.89,51172.77,10367.32
2018-02-19 10:30:00+05:30,2018-02-26 09:15:00+05:30,short,10410.3,10528.7,0.4803,34.85,-17.3681,-19.1254,4.67,21.07,16.08,bearish,"-DI > +DI, Bearish Divergence",-56.87,-1.14,51115.9,10618.51
2018-02-26 09:35:00+05:30,2018-03-12 13:20:00+05:30,short,10531.7,10351.95,0.4748,72.47,14.7716,10.4804,41.34,10.77,21.14,bearish,"RSI > overbought, ADX strong, Bearish Divergence",85.35,1.71,51201.25,10742.33
2018-03-12 13:50:00+05:30,2018-03-27 09:15:00+05:30,short,10359.85,10166.95,0.4826,75.13,9.8645,7.8906,30.68,19.5,18.65,bearish,"RSI > overbought, Bearish Divergence",93.09,1.86,51294.34,10567.05
2018-03-27 09:30:00+05:30,2018-04-05 14:45:00+05:30,short,10191.15,10305.55,0.4906,87.48,33.9577,28.9165,43.89,22.23,22.63,bearish,"RSI > overbought, ADX strong, Bearish Divergence",-56.12,-1.12,51238.22,10394.97
2018-04-05 15:00:00+05:30,2018-05-17 10:50:00+05:30,buy,10313.2,10704.2,0.4848,82.11,9.2216,6.7708,30.52,27.79,17.55,bullish,"MACD > Signal, +DI > -DI, Bullish Divergence",189.56,3.79,51427.77,10106.94
2018-05-17 11:10:00+05:30,2018-05-21 14:25:00+05:30,buy,10711.35,10508.05,0.4668,39.02,-9.5961,-9.1023,9.0,18.23,28.25,bullish,"ADX strong, Bullish Divergence",-94.9,-1.9,51332.87,10497.12
2018-05-21 15:05:00+05:30,2018-06-27 14:10:00+05:30,buy,10514.3,10671.15,0.4755,43.51,-5.7213,-6.5293,18.25,10.37,33.9,bullish,"MACD > Signal, +DI > -DI, ADX strong, Bullish Divergence",74.58,1.49,51407.45,10304.01
2018-06-27 14:15:00+05:30,2018-09-04 14:25:00+05:30,buy,10670.25,11506.9,0.4686,28.73,-14.4753,-13.584,9.08,6.55,15.69,bullish,"RSI < oversold, +DI > -DI, Bullish Divergence",392.05,7.84,51799.51,10456.84
2018-09-04 14:30:00+05:30,2018-09-11 14:05:00+05:30,buy,11501.7,11359.1,0.4347,28.92,-15.3202,-11.1418,8.73,6.32,23.49,bullish,"RSI < oversold, +DI > -DI, ADX strong, Bullish Divergence",-61.99,-1.24,51737.52,11271.67
2018-09-11 14:35:00+05:30,2018-09-14 13:05:00+05:30,short,11318.25,11481.25,0.4418,4.92,-24.8257,-17.7712,1.7,4.03,52.49,bearish,"MACD < Signal, -DI > +DI, ADX strong, Bearish Divergence",-72.01,-1.44,51665.51,11544.62
2018-09-14 13:10:00+05:30,2018-09-21 13:10:00+05:30,short,11481.7,11106.9,0.4355,78.6,8.6056,7.0035,27.74,25.86,16.86,bearish,"RSI > overbought, Bearish Divergence",163.23,3.26,51828.73,11711.33
2018-09-21 13:50:00+05:30,2018-09-24 14:00:00+05:30,buy,11153.05,10944.4,0.4483,47.94,-32.8913,-40.7642,9.15,28.61,42.34,bullish,"MACD > Signal, ADX strong, Bullish Divergence",-93.54,-1.87,51735.19,10929.99
2018-09-24 14:35:00+05:30,2018-10-10 10:30:00+05:30,short,11001.55,10414.8,0.4545,58.82,-8.5322,-14.3788,25.0,19.7,16.11,bearish,Bearish Divergence,266.68,5.33,52001.87,11221.58
2018-10-10 10:40:00+05:30,2018-10-12 09:15:00+05:30,short,10431.5,10383.8,0.4793,81.25,22.4223,18.2721,33.2,26.75,17.78,bearish,"RSI > overbought, Bearish Divergence",22.86,0.46,52024.73,10640.13
2018-10-12 09:25:00+05:30,2018-10-17 15:00:00+05:30,buy,10389.3,10457.7,0.4813,85.59,21.9532,1.4911,44.86,29.24,35.67,bullish,"MACD > Signal, +DI > -DI, ADX strong, Bullish Divergence",32.92,0.66,52057.66,10181.51
2018-10-17 15:15:00+05:30,2018-10-22 15:05:00+05:30,buy,10454.0,10244.1,0.4783,29.2,-29.4518,-25.1034,9.62,6.45,31.3,bullish,"RSI < oversold, +DI > -DI, ADX strong, Bullish Divergence",-100.4,-2.01,51957.26,10244.92
2018-10-23 09:20:00+05:30,2018-10-26 09:20:00+05:30,buy,10189.0,10046.3,0.4907,11.21,-28.976,-20.7408,10.22,11.49,14.94,bullish,"RSI < oversold, Bullish Divergence",-70.02,-1.4,51887.24,9985.22
2018-10-26 09:25:00+05:30,2018-11-22 13:40:00+05:30,buy,10041.4,10554.4,0.4979,22.26,-16.7487,-6.1113,8.41,15.17,37.87,bullish,"RSI < oversold, ADX strong, Bullish Divergence",255.42,5.11,52142.66,9840.57
2018-11-22 13:55:00+05:30,2018-12-06 09:20:00+05:30,buy,10568.65,10698.5,0.4731,30.56,-13.4453,-11.4776,1.01,15.5,40.99,bullish,"ADX strong, Bullish Divergence",61.43,1.23,52204.09,10357.28
2018-12-06 09:55:00+05:30,2018-12-11 13:05:00+05:30,short,10663.8,10550.0,0.4689,16.3,-32.3051,-23.5944,2.91,14.34,13.85,bearish,"MACD < Signal, -DI > +DI, Bearish Divergence",53.36,1.07,52257.45,10877.08
2018-12-11 13:10:00+05:30,2018-12-21 14:30:00+05:30,buy,10544.65,10759.3,0.4742,72.61,22.256,17.2162,28.14,23.78,20.08,bullish,"MACD > Signal, +DI > -DI, ADX strong, Bullish Divergence",101.79,2.04,52359.24,10333.76
2018-12-21 14:40:00+05:30,2018-12-26 09:40:00+05:30,buy,10765.25,10552.05,0.4645,18.62,-17.9658,-14.863,0.0,13.1,88.01,bullish,"RSI < oversold, ADX strong, Bullish Divergence",-99.03,-1.98,52260.21,10549.94
2018-12-26 09:45:00+05:30,2018-12-27 09:15:00+05:30,short,10556.35,10814.4,0.4736,13.36,-40.4171,-31.4586,6.19,4.42,21.64,bearish,"MACD < Signal, ADX strong, Bearish Divergence",-122.21,-2.44,52138.0,10767.48
2018-12-27 09:50:00+05:30,2019-01-09 09:15:00+05:30,short,10801.55,10853.65,0.4629,71.1,33.6505,32.7181,41.58,15.87,30.75,bearish,"RSI > overbought, ADX strong, Bearish Divergence",-24.12,-0.48,52113.88,11017.58
2019-01-09 09:20:00+05:30,2019-01-16 09:20:00+05:30,short,10856.5,10919.65,0.4606,67.95,12.0342,8.5614,39.37,10.03,34.93,bearish,"ADX strong, Bearish Divergence",-29.09,-0.58,52084.79,11073.63
2019-01-16 09:40:00+05:30,2019-01-31 13:35:00+05:30,short,10918.4,10797.95,0.4579,76.71,17.855,14.3861,29.12,27.84,9.33,bearish,"RSI > overbought, Bearish Divergence",55.15,1.1,52139.95,11136.77
2019-01-31 13:45:00+05:30,2019-02-11 09:25:00+05:30,buy,10804.25,10879.75,0.4628,97.15,17.8407,14.3386,46.29,36.47,18.53,bullish,"MACD > Signal, +DI > -DI, Bullish Divergence",34.94,0.7,52174.89,10588.16
2019-02-11 09:40:00+05:30,2019-02-15 10:10:00+05:30,buy,10890.05,10679.4,0.4591,13.52,-28.8589,-21.8341,4.37,5.55,49.2,bullish,"RSI < oversold, ADX strong, Bullish Divergence",-96.71,-1.93,52078.18,10672.25
2019-02-15 10:45:00+05:30,2019-03-25 13:00:00+05:30,buy,10681.85,11328.95,0.4681,33.31,-14.3571,-13.4322,2.29,15.53,33.86,bullish,"ADX strong, Bullish Divergence",302.91,6.06,52381.09,10468.21
2019-03-25 13:15:00+05:30,2019-04-23 14:55:00+05:30,buy,11333.85,11584.8,0.4412,43.56,-6.5491,-8.1469,11.11,8.73,36.02,bullish,"MACD > Signal, +DI > -DI, ADX strong, Bullish Divergence",110.72,2.21,52491.81,11107.17
2019-04-23 15:20:00+05:30,2019-05-07 14:35:00+05:30,buy,11575.85,11554.3,0.4319,18.41,-13.187,-9.2292,5.94,13.82,20.84,bullish,"RSI < oversold, ADX strong, Bullish Divergence",-9.31,-0.19,52482.5,11344.33
2019-05-07 14:40:00+05:30,2019-05-17 12:05:00+05:30,short,11555.1,11344.65,0.4327,25.92,-14.1954,-9.9546,11.65,9.65,32.98,bearish,"MACD < Signal, ADX strong, Bearish Divergence",91.06,1.82,52573.56,11786.2
2019-05-17 12:10:00+05:30,2019-05-20 09:15:00+05:30,short,11347.9,11641.95,0.4406,75.69,12.7386,11.627,26.07,27.32,13.71,bearish,"RSI > overbought, -DI > +DI, Bearish Divergence",-129.56,-2.59,52444.0,11574.86
2019-05-20 09:30:00+05:30,2019-05-23 12:25:00+05:30,buy,11595.95,11793.65,0.4312,83.93,61.5058,36.1277,56.1,14.42,40.4,bullish,"MACD > Signal, +DI > -DI, ADX strong, Bullish Divergence",85.25,1.7,52529.25,11364.03
2019-05-23 12:35:00+05:30,2019-05-27 09:40:00+05:30,short,11800.85,11872.0,0.4237,24.86,-27.3532,-17.9056,8.18,4.79,26.15,bearish,"MACD < Signal, ADX strong, Bearish Divergence",-30.15,-0.6,52499.1,12036.87
2019-05-27 09:55:00+05:30,2019-06-03 15:05:00+05:30,short,11893.05,12082.6,0.4204,78.27,21.2018,18.5457,12.17,41.21,29.44,bearish,"RSI > overbought, -DI > +DI, ADX strong, Bearish Divergence",-79.69,-1.59,52419.42,12130.91
2019-06-03 15:10:00+05:30,2019-06-26 14:45:00+05:30,short,12088.85,11865.0,0.4136,83.58,16.8377,15.6041,34.94,24.56,27.0,bearish,"RSI > overbought, ADX strong, Bearish Divergence",92.58,1.85,52512.0,12330.63
2019-06-27 09:50:00+05:30,2019-07-17 10:30:00+05:30,short,11868.8,11699.15,0.4213,51.47,10.2263,10.0406,25.18,17.1,12.38,bearish,Bearish Divergence,71.47,1.43,52583.47,12106.18
2019-07-17 10:35:00+05:30,2019-07-19 12:20:00+05:30,buy,11694.2,11469.7,0.4276,75.27,10.7562,10.0108,26.45,21.62,17.17,bullish,"MACD > Signal, +DI > -DI, Bullish Divergence",-96.0,-1.92,52487.48,11460.32
2019-07-19 12:25:00+05:30,2019-08-06 14:25:00+05:30,short,11469.85,11012.1,0.4359,36.33,-18.0128,-19.6128,9.44,12.29,11.6,bearish,"-DI > +DI, Bearish Divergence",199.53,3.99,52687.01,11699.25
2019-08-06 14:40:00+05:30,2019-08-13 14:45:00+05:30,buy,10987.25,10943.45,0.4551,75.34,18.0481,16.7744,20.68,29.68,17.14,bullish,"MACD > Signal, Bullish Divergence",-19.93,-0.4,52667.08,10767.5
2019-08-13 14:55:00+05:30,2019-08-19 10:20:00+05:30,short,10951.25,11134.45,0.4566,15.33,-27.0701,-20.2863,5.07,6.05,26.89,bearish,"MACD < Signal, -DI > +DI, ADX strong, Bearish Divergence",-83.65,-1.67,52583.43,11170.28
2019-08-19 10:40:00+05:30,2019-08-21 14:30:00+05:30,buy,11134.95,10917.9,0.449,70.84,20.4304,18.8531,23.64,35.4,27.76,bullish,"MACD > Signal, ADX strong, Bullish Divergence",-97.46,-1.95,52485.97,10912.25
2019-08-21 14:50:00+05:30,2019-08-23 09:15:00+05:30,buy,10914.9,10672.3,0.4581,30.07,-14.5509,-13.2577,12.48,6.24,24.29,bullish,"+DI > -DI, ADX strong, Bullish Divergence",-111.14,-2.22,52374.84,10696.6
2019-08-23 09:55:00+05:30,2019-08-30 11:15:00+05:30,buy,10696.05,10896.25,0.4675,37.54,-35.4217,-36.3425,17.84,9.13,18.34,bullish,"MACD > Signal, +DI > -DI, Bullish Divergence",93.59,1.87,52468.43,10482.13
2019-08-30 11:20:00+05:30,2019-09-03 15:10:00+05:30,buy,10891.95,10808.05,0.4591,18.54,-20.0092,-13.2738,4.93,11.81,42.8,bullish,"RSI < oversold, ADX strong, Bullish Divergence",-38.52,-0.77,52429.91,10674.11
2019-09-04 09:35:00+05:30,2019-09-17 13:25:00+05:30,buy,10787.0,10860.25,0.4635,32.38,-22.6663,-20.8894,19.08,10.74,27.74,bullish,"+DI > -DI, ADX strong, Bullish Divergence",33.95,0.68,52463.86,10571.26
2019-09-17 14:15:00+05:30,2019-09-25 13:25:00+05:30,buy,10812.0,11443.8,0.4624,18.77,-24.3396,-19.4859,7.92,3.98,32.74,bullish,"RSI < oversold, +DI > -DI, ADX strong, Bullish Divergence",292.14,5.84,52756.01,10595.76
2019-09-25 13:45:00+05:30,2019-10-09 15:25:00+05:30,short,11452.1,11319.6,0.4366,20.84,-10.5706,-6.8212,3.74,14.26,42.77,bearish,"MACD < Signal, -DI > +DI, ADX strong, Bearish Divergence",57.85,1.16,52813.86,11681.14
2019-10-10 09:20:00+05:30,2019-10-14 14:15:00+05:30,short,11281.55,11418.25,0.4432,60.33,18.3563,21.9713,18.32,23.34,14.45,bearish,"MACD < Signal, -DI > +DI, Bearish Divergence",-60.59,-1.21,52753.27,11507.18
2019-10-14 14:25:00+05:30,2019-10-17 14:05:00+05:30,short,11414.0,11556.4,0.4381,75.33,13.5508,9.8108,26.17,26.23,10.02,bearish,"RSI > overbought, -DI > +DI, Bearish Divergence",-62.39,-1.25,52690.89,11642.28
2019-10-17 14:10:00+05:30,2019-10-29 10:55:00+05:30,short,11559.1,11735.7,0.4326,75.04,20.0787,17.5877,34.68,21.8,16.55,bearish,"RSI > overbought, Bearish Divergence",-76.4,-1.53,52614.49,11790.28
2019-10-29 11:15:00+05:30,2019-11-06 13:30:00+05:30,short,11756.2,11984.55,0.4253,74.91,28.2596,26.2147,20.64,34.82,16.41,bearish,"RSI > overbought, -DI > +DI, Bearish Divergence",-97.12,-1.94,52517.37,11991.32
2019-11-06 13:45:00+05:30,2019-12-06 14:10:00+05:30,buy,11983.0,11908.6,0.4173,75.42,16.4004,16.8584,23.09,25.53,16.91,bullish,Bullish Divergence,-31.05,-0.62,52486.33,11743.34
2019-12-06 14:45:00+05:30,2019-12-13 13:20:00+05:30,short,11922.1,12076.7,0.4194,32.5,-18.446,-18.3455,10.62,11.0,31.61,bearish,"MACD < Signal, -DI > +DI, ADX strong, Bearish Divergence",-64.84,-1.3,52421.49,12160.54
2019-12-13 14:05:00+05:30,2020-01-09 10:30:00+05:30,short,12081.9,12176.15,0.4138,64.33,7.0675,7.0572,25.97,12.1,44.46,bearish,"ADX strong, Bearish Divergence",-39.0,-0.78,52382.49,12323.54
2020-01-09 11:10:00+05:30,2020-02-04 10:15:00+05:30,short,12177.8,11862.65,0.4106,75.08,27.5771,31.9983,16.68,37.54,40.62,bearish,"RSI > overbought, MACD < Signal, -DI > +DI, ADX strong, Bearish Divergence",129.4,2.59,52511.89,12421.36
2020-02-04 10:20:00+05:30,2020-02-06 09:15:00+05:30,short,11866.1,12127.65,0.4214,95.53,38.7716,35.6429,42.62,27.87,25.82,bearish,"RSI > overbought, ADX strong, Bearish Divergence",-110.22,-2.2,52401.67,12103.42
2020-02-06 09:20:00+05:30,2020-02-14 09:25:00+05:30,short,12138.8,12238.5,0.4119,77.64,21.0795,17.5556,32.0,16.58,25.93,bearish,"RSI > overbought, ADX strong, Bearish Divergence",-41.07,-0.82,52360.6,12381.58
2020-02-14 09:50:00+05:30,2020-02-18 09:30:00+05:30,buy,12215.05,11964.1,0.4093,73.45,18.4627,16.0663,39.8,31.62,13.3,bullish,"MACD > Signal, +DI > -DI, Bullish Divergence",-102.71,-2.05,52257.89,11970.75
2020-02-18 09:50:00+05:30,2020-02-20 11:45:00+05:30,short,11973.45,12150.7,0.4176,18.4,-25.2249,-19.4647,5.32,5.61,22.35,bearish,"MACD < Signal, -DI > +DI, ADX strong, Bearish Divergence",-74.02,-1.48,52183.87,12212.92
2020-02-20 11:55:00+05:30,2020-03-02 14:00:00+05:30,short,12150.1,11418.55,0.4115,67.86,6.8502,4.945,19.76,27.96,24.26,bearish,"-DI > +DI, ADX strong, Bearish Divergence",301.03,6.02,52484.9,12393.1
2020-03-02 14:30:00+05:30,2020-03-03 09:15:00+05:30,short,11356.2,11293.65,0.4403,36.28,-1.1522,4.8463,16.84,6.01,22.35,bearish,"MACD < Signal, ADX strong, Bearish Divergence",27.54,0.55,52512.44,11583.32
2020-03-03 09:55:00+05:30,2020-03-04 13:40:00+05:30,buy,11274.3,11096.3,0.4435,61.38,-10.6026,-24.4948,27.74,30.16,24.0,bullish,"MACD > Signal, ADX strong, Bullish Divergence",-78.94,-1.58,52433.5,11048.81
2020-03-04 14:35:00+05:30,2020-03-06 09:15:00+05:30,buy,11131.15,10894.8,0.4492,45.14,-22.3608,-27.5909,13.71,20.45,10.55,bullish,"MACD > Signal, Bullish Divergence",-106.17,-2.12,52327.33,10908.53
2020-03-06 09:35:00+05:30,2020-03-11 09:25:00+05:30,short,10956.9,10522.55,0.4563,19.79,-96.9657,-60.6829,7.1,11.78,37.01,bearish,"MACD < Signal, -DI > +DI, ADX strong, Bearish Divergence",198.19,3.96,52525.53,11176.04
2020-03-11 09:35:00+05:30,2020-03-13 10:20:00+05:30,short,10486.5,9115.45,0.4768,54.41,13.0845,7.331,9.81,28.48,27.18,bearish,"-DI > +DI, ADX strong, Bearish Divergence",653.72,13.07,53179.24,10696.23
2020-03-13 10:25:00+05:30,2020-03-13 14:15:00+05:30,buy,9101.6,9887.65,0.5494,71.41,-184.8856,-244.8437,64.35,46.69,24.92,bullish,"MACD > Signal, +DI > -DI, ADX strong, Bullish Divergence",431.86,8.64,53611.1,8919.57
2020-03-13 14:20:00+05:30,2020-03-16 09:15:00+05:30,buy,9884.95,9506.95,0.5058,39.83,64.0395,98.8767,7.38,20.66,27.29,bullish,"ADX strong, Bullish Divergence",-191.19,-3.82,53419.91,9687.25
2020-03-16 09:20:00+05:30,2020-03-16 12:30:00+05:30,buy,9442.4,9376.35,0.5295,31.43,-38.5802,10.4513,5.95,16.65,70.9,bullish,"ADX strong, Bullish Divergence",-34.97,-0.7,53384.93,9253.55
2020-03-16 12:40:00+05:30,2020-03-16 14:10:00+05:30,buy,9451.15,9261.25,0.529,44.83,-34.735,-39.6887,17.8,14.93,50.68,bullish,"MACD > Signal, +DI > -DI, ADX strong, Bullish Divergence",-100.46,-2.01,53284.48,9262.13
2020-03-16 14:15:00+05:30,2020-03-17 09:15:00+05:30,buy,9259.65,9093.95,0.54,23.17,-45.6825,-30.5691,5.96,5.82,16.92,bullish,"RSI < oversold, +DI > -DI, Bullish Divergence",-89.48,-1.79,53195.0,9074.46
2020-03-17 10:30:00+05:30,2020-03-17 14:20:00+05:30,buy,9366.25,9167.15,0.5338,82.69,22.1756,1.5498,27.67,26.29,13.4,bullish,"MACD > Signal, +DI > -DI, Bullish Divergence",-106.28,-2.13,53088.72,9178.92
2020-03-17 14:45:00+05:30,2020-03-17 15:05:00+05:30,buy,9170.1,8951.4,0.5453,33.86,-28.6276,-22.1384,6.85,9.46,28.47,bullish,"ADX strong, Bullish Divergence",-119.26,-2.38,52969.46,8986.7
2020-03-18 09:30:00+05:30,2020-03-18 11:35:00+05:30,buy,8952.5,8763.95,0.5585,26.94,-73.1633,-68.7043,19.07,2.26,29.06,bullish,"RSI < oversold, +DI > -DI, ADX strong, Bullish Divergence",-105.31,-2.11,52864.16,8773.45
2020-03-18 11:50:00+05:30,2020-03-18 14:10:00+05:30,buy,8723.1,8533.5,0.5732,17.14,-59.9981,-57.1241,9.99,1.43,44.94,bullish,"RSI < oversold, +DI > -DI, ADX strong, Bullish Divergence",-108.68,-2.17,52755.48,8548.64
2020-03-18 14:15:00+05:30,2020-03-19 10:55:00+05:30,short,8584.3,8039.95,0.5825,42.16,-37.9252,-41.4212,9.07,17.12,12.88,bearish,"-DI > +DI, Bearish Divergence",317.08,6.34,53072.56,8755.99
2020-03-19 11:25:00+05:30,2020-03-19 12:00:00+05:30,buy,8216.6,8128.5,0.6085,69.65,2.6325,-45.2459,40.55,11.64,56.49,bullish,"MACD > Signal, +DI > -DI, ADX strong, Bullish Divergence",-53.61,-1.07,53018.95,8052.27
2020-03-19 12:05:00+05:30,2020-03-19 13:05:00+05:30,short,8162.5,8385.95,0.6126,57.53,14.9432,11.5953,29.97,15.28,53.69,bearish,"ADX strong, Bearish Divergence",-136.89,-2.74,52882.07,8325.75
2020-03-19 13:25:00+05:30,2020-03-19 13:55:00+05:30,short,8279.65,8478.2,0.6039,60.42,29.0839,26.8034,22.3,17.9,21.66,bearish,"ADX strong, Bearish Divergence",-119.9,-2.4,52762.16,8445.24
2020-03-19 14:00:00+05:30,2020-03-20 09:20:00+05:30,short,8506.65,8421.6,0.5878,68.5,57.7449,37.2269,36.37,12.11,28.0,bearish,"ADX strong, Bearish Divergence",49.99,1.0,52812.15,8676.78
2020-03-20 10:10:00+05:30,2020-03-20 13:55:00+05:30,buy,8357.1,8656.7,0.5983,61.4,-0.7032,-9.7103,14.61,28.87,22.86,bullish,"MACD > Signal, ADX strong, Bullish Divergence",179.25,3.58,52991.4,8189.96
2020-03-20 15:05:00+05:30,2020-03-23 09:15:00+05:30,buy,8725.7,8154.2,0.573,54.9,21.5293,15.7058,22.17,9.05,24.74,bullish,"MACD > Signal, +DI > -DI, ADX strong, Bullish Divergence",-327.47,-6.55,52663.94,8551.19
2020-03-23 09:30:00+05:30,2020-03-23 10:55:00+05:30,buy,8038.0,7836.3,0.622,23.59,-119.7702,-37.4857,11.86,15.09,36.17,bullish,"RSI < oversold, ADX strong, Bullish Divergence",-125.46,-2.51,52538.48,7877.24
2020-03-23 12:15:00+05:30,2020-03-23 15:00:00+05:30,buy,7717.15,7620.95,0.6479,35.64,-90.6212,-102.9919,7.21,13.32,54.95,bullish,"MACD > Signal, ADX strong, Bullish Divergence",-62.33,-1.25,52476.15,7562.81
2020-03-23 15:15:00+05:30,2020-03-24 09:25:00+05:30,buy,7599.4,7811.85,0.6579,36.63,-43.1881,-32.4223,16.41,7.01,39.07,bullish,"+DI > -DI, ADX strong, Bullish Divergence",139.77,2.8,52615.92,7447.41
2020-03-24 09:45:00+05:30,2020-03-24 15:00:00+05:30,buy,7668.75,7752.45,0.652,49.19,-8.4404,-10.1091,37.17,1.54,62.16,bullish,"MACD > Signal, +DI > -DI, ADX strong, Bullish Divergence",54.57,1.09,52670.49,7515.38
2020-03-24 15:05:00+05:30,2020-03-25 11:40:00+05:30,short,7783.85,7903.75,0.6424,34.82,-4.7756,17.353,7.9,17.1,30.09,bearish,"MACD < Signal, -DI > +DI, ADX strong, Bearish Divergence",-77.02,-1.54,52593.47,7939.53
2020-03-25 12:15:00+05:30,2020-03-25 12:50:00+05:30,short,7945.15,8129.85,0.6293,74.01,28.9325,19.9954,17.42,38.54,48.51,bearish,"RSI > overbought, -DI > +DI, ADX strong, Bearish Divergence",-116.23,-2.32,52477.24,8104.05
2020-03-25 13:20:00+05:30,2020-03-25 14:25:00+05:30,short,8241.5,8372.2,0.6067,89.75,91.3434,70.5271,37.09,43.99,12.92,bearish,"RSI > overbought, -DI > +DI, Bearish Divergence",-79.3,-1.59,52397.94,8406.33
2020-03-25 14:40:00+05:30,2020-03-26 11:30:00+05:30,buy,8313.05,8509.05,0.6015,64.97,75.0185,82.6488,18.12,21.01,12.64,bullish,Bullish Divergence,117.89,2.36,52515.84,8146.79
2020-03-26 12:15:00+05:30,2020-03-26 13:30:00+05:30,buy,8688.7,8548.85,0.5755,66.1,42.1155,37.8997,24.16,20.88,39.49,bullish,"MACD > Signal, +DI > -DI, ADX strong, Bullish Divergence",-80.48,-1.61,52435.35,8514.93
2020-03-26 13:35:00+05:30,2020-03-27 10:10:00+05:30,buy,8541.1,8824.6,0.5854,25.66,-6.9564,17.6031,3.94,15.59,37.16,bullish,"RSI < oversold, ADX strong, Bullish Divergence",165.96,3.32,52601.31,8370.28
2020-03-27 10:15:00+05:30,2020-03-27 14:00:00+05:30,short,8845.25,8727.6,0.5653,62.32,70.6423,83.3419,36.42,7.21,61.95,bearish,"MACD < Signal, ADX strong, Bearish Divergence",66.51,1.33,52667.82,9022.16
2020-03-27 14:55:00+05:30,2020-03-31 09:15:00+05:30,short,8668.1,8447.65,0.5768,45.82,4.9425,13.713,18.46,9.25,17.0,bearish,"MACD < Signal, Bearish Divergence",127.16,2.54,52794.98,8841.46
2020-03-31 09:45:00+05:30,2020-03-31 12:45:00+05:30,short,8439.7,8595.2,0.5924,69.13,10.507,-7.1532,42.88,14.91,41.23,bearish,"ADX strong, Bearish Divergence",-92.12,-1.84,52702.86,8608.49
2020-03-31 12:55:00+05:30,2020-04-07 09:15:00+05:30,short,8582.3,8415.2,0.5826,66.56,31.3478,32.1071,18.61,13.69,12.43,bearish,"MACD < Signal, Bearish Divergence",97.35,1.95,52800.21,8753.95
2020-04-07 09:50:00+05:30,2020-04-07 12:25:00+05:30,short,8451.15,8567.1,0.5916,81.48,90.1929,57.683,54.95,8.93,59.23,bearish,"RSI > overbought, ADX strong, Bearish Divergence",-68.6,-1.37,52731.61,8620.17
2020-04-07 12:45:00+05:30,2020-04-07 14:45:00+05:30,short,8608.2,8763.8,0.5808,78.88,46.2919,46.4465,30.08,32.93,13.67,bearish,"RSI > overbought, MACD < Signal, -DI > +DI, Bearish Divergence",-90.37,-1.81,52641.24,8780.36
2020-04-07 14:50:00+05:30,2020-04-08 09:40:00+05:30,short,8768.25,8894.55,0.5702,81.54,47.3204,44.9927,27.34,24.71,5.59,bearish,"RSI > overbought, Bearish Divergence",-72.02,-1.44,52569.23,8943.62
2020-04-08 10:25:00+05:30,2020-04-08 11:40:00+05:30,buy,9074.2,8888.6,0.551,81.92,89.3366,71.2529,35.55,38.92,14.96,bullish,"MACD > Signal, Bullish Divergence",-102.27,-2.05,52466.96,8892.72
2020-04-08 12:25:00+05:30,2020-04-09 09:15:00+05:30,short,8876.05,8970.0,0.5633,36.58,-15.9469,-3.6728,12.06,12.61,13.14,bearish,"MACD < Signal, -DI > +DI, Bearish Divergence",-52.92,-1.06,52414.04,9053.57
2020-04-09 09:35:00+05:30,2020-04-09 13:05:00+05:30,short,9013.3,9107.6,0.5547,79.62,47.3591,14.0168,38.31,17.09,48.18,bearish,"RSI > overbought, ADX strong, Bearish Divergence",-52.31,-1.05,52361.73,9193.57
2020-04-09 13:10:00+05:30,2020-04-13 09:40:00+05:30,buy,9081.25,8932.45,0.5506,65.14,30.5758,29.2974,21.69,23.22,18.69,bullish,"MACD > Signal, Bullish Divergence",-81.93,-1.64,52279.8,8899.62
2020-04-13 10:00:00+05:30,2020-04-15 09:15:00+05:30,short,8939.45,9159.05,0.5593,15.59,-33.786,-19.2454,1.43,4.33,15.64,bearish,"MACD < Signal, -DI > +DI, Bearish Divergence",-122.82,-2.46,52156.98,9118.24
2020-04-15 10:20:00+05:30,2020-04-16 12:10:00+05:30,short,9231.5,9011.5,0.5416,85.15,59.7871,52.0987,38.89,18.92,62.7,bearish,"RSI > overbought, ADX strong, Bearish Divergence",119.15,2.38,52276.13,9416.13
2020-04-16 12:20:00+05:30,2020-04-17 09:15:00+05:30,short,9025.65,9270.25,0.554,71.79,20.9898,14.0433,21.67,22.06,21.66,bearish,"RSI > overbought, -DI > +DI, ADX strong, Bearish Divergence",-135.51,-2.71,52140.62,9206.16
2020-04-17 09:20:00+05:30,2020-04-17 15:20:00+05:30,short,9282.7,9288.9,0.5386,80.55,37.5175,11.4327,59.57,3.07,57.43,bearish,"RSI > overbought, ADX strong, Bearish Divergence",-3.34,-0.07,52137.28,9468.35
2020-04-20 09:15:00+05:30,2020-04-22 11:05:00+05:30,short,9291.95,9096.85,0.5381,83.0,36.3127,27.2094,39.21,19.36,27.01,bearish,"RSI > overbought, ADX strong, Bearish Divergence",104.98,2.1,52242.27,9477.79
2020-04-22 11:25:00+05:30,2020-04-23 09:50:00+05:30,short,9093.9,9257.5,0.5498,78.17,32.0397,27.4061,23.98,24.94,19.2,bearish,"RSI > overbought, -DI > +DI, Bearish Divergence",-89.95,-1.8,52152.32,9275.78
2020-04-23 10:00:00+05:30,2020-04-24 15:00:00+05:30,buy,9270.9,9149.85,0.5393,92.15,29.591,25.5228,32.06,37.93,12.11,bullish,"MACD > Signal, Bullish Divergence",-65.28,-1.31,52087.04,9085.48
2020-04-24 15:05:00+05:30,2020-04-27 09:30:00+05:30,short,9153.45,9334.7,0.5462,26.87,-18.6028,-14.7286,11.58,7.46,26.17,bearish,"MACD < Signal, ADX strong, Bearish Divergence",-99.0,-1.98,51988.04,9336.52
2020-04-27 10:10:00+05:30,2020-04-29 09:30:00+05:30,short,9340.4,9455.0,0.5353,83.65,36.1485,27.8691,43.83,26.0,33.73,bearish,"RSI > overbought, ADX strong, Bearish Divergence",-61.35,-1.23,51926.69,9527.21
2020-04-29 09:40:00+05:30,2020-04-30 09:15:00+05:30,short,9458.1,9750.15,0.5286,85.28,29.376,22.2108,30.96,32.47,23.58,bearish,"RSI > overbought, -DI > +DI, ADX strong, Bearish Divergence",-154.38,-3.09,51772.31,9647.26
2020-04-30 09:25:00+05:30,2020-05-06 10:55:00+05:30,short,9780.55,9328.05,0.5112,80.41,49.98,28.2979,54.33,11.78,20.84,bearish,"RSI > overbought, ADX strong, Bearish Divergence",231.32,4.63,52003.63,9976.16
2020-05-06 11:15:00+05:30,2020-05-11 09:15:00+05:30,short,9324.85,9378.2,0.5362,66.98,22.4772,16.2751,29.26,8.76,15.02,bearish,Bearish Divergence,-28.61,-0.57,51975.03,9511.35
2020-05-11 09:40:00+05:30,2020-05-11 15:00:00+05:30,buy,9422.3,9231.35,0.5307,78.81,27.6795,7.8482,47.83,20.47,50.09,bullish,"MACD > Signal, +DI > -DI, ADX strong, Bullish Divergence",-101.34,-2.03,51873.69,9233.85
2020-05-11 15:20:00+05:30,2020-05-12 10:00:00+05:30,buy,9240.6,9056.35,0.5411,28.77,-23.8267,-20.6285,10.56,7.83,33.13,bullish,"RSI < oversold, +DI > -DI, ADX strong, Bullish Divergence",-99.7,-1.99,51773.99,9055.79
2020-05-12 10:40:00+05:30,2020-05-14 09:15:00+05:30,buy,9093.6,9238.35,0.5498,39.38,-39.6479,-46.413,0.72,19.02,60.21,bullish,"MACD > Signal, ADX strong, Bullish Divergence",79.58,1.59,51853.58,8911.73
2020-05-14 09:20:00+05:30,2020-05-19 10:15:00+05:30,short,9254.85,8999.15,0.5403,23.23,-21.4077,-7.4098,1.67,18.81,31.22,bearish,"MACD < Signal, -DI > +DI, ADX strong, Bearish Divergence",138.15,2.76,51991.73,9439.95
2020-05-19 10:25:00+05:30,2020-05-20 14:30:00+05:30,short,9015.35,9072.15,0.5546,63.46,32.3876,23.5259,19.29,30.81,36.38,bearish,"-DI > +DI, ADX strong, Bearish Divergence",-31.5,-0.63,51960.23,9195.66
2020-05-20 14:40:00+05:30,2020-05-27 13:00:00+05:30,short,9062.5,9161.1,0.5517,83.84,28.0062,17.7392,35.68,29.22,30.51,bearish,"RSI > overbought, ADX strong, Bearish Divergence",-54.4,-1.09,51905.83,9243.75
2020-05-27 13:20:00+05:30,2020-05-28 09:15:00+05:30,short,9184.55,9385.55,0.5444,89.76,24.4591,20.8849,37.39,28.58,9.13,bearish,"RSI > overbought, Bearish Divergence",-109.42,-2.19,51796.41,9368.24
2020-05-28 09:40:00+05:30,2020-05-29 15:10:00+05:30,short,9411.2,9590.55,0.5313,90.08,47.2685,41.3502,45.76,27.71,23.42,bearish,"RSI > overbought, ADX strong, Bearish Divergence",-95.29,-1.91,51701.12,9599.42
2020-06-01 09:20:00+05:30,2020-06-04 12:20:00+05:30,buy,9799.45,9953.25,0.5102,89.61,51.9125,28.9111,59.7,33.33,25.02,bullish,"MACD > Signal, +DI > -DI, ADX strong, Bullish Divergence",78.47,1.57,51779.59,9603.46
2020-06-04 12:35:00+05:30,2020-06-09 14:05:00+05:30,buy,9969.85,10103.6,0.5015,32.82,-25.592,-23.024,11.29,4.94,16.9,bullish,"+DI > -DI, Bullish Divergence",67.08,1.34,51846.66,9770.45
2020-06-09 14:20:00+05:30,2020-06-11 14:20:00+05:30,buy,10102.9,9932.0,0.4949,29.02,-32.8315,-27.3901,4.19,8.14,26.92,bullish,"RSI < oversold, ADX strong, Bullish Divergence",-84.58,-1.69,51762.08,9900.84
2020-06-11 14:25:00+05:30,2020-06-12 09:15:00+05:30,buy,9927.2,9638.05,0.5037,27.67,-21.0348,-15.9877,6.54,6.86,18.16,bullish,"RSI < oversold, Bullish Divergence",-145.64,-2.91,51616.44,9728.66
2020-06-12 09:25:00+05:30,2020-06-12 14:00:00+05:30,short,9676.4,9874.85,0.5167,17.55,-65.378,-39.9369,3.98,20.77,62.81,bearish,"MACD < Signal, -DI > +DI, ADX strong, Bearish Divergence",-102.54,-2.05,51513.9,9869.93
2020-06-12 14:30:00+05:30,2020-06-16 09:15:00+05:30,short,9892.3,10029.05,0.5054,68.03,36.5873,30.2092,19.27,26.01,14.97,bearish,"-DI > +DI, Bearish Divergence",-69.11,-1.38,51444.79,10090.15
2020-06-16 09:25:00+05:30,2020-06-16 13:15:00+05:30,buy,9995.4,9801.6,0.5002,66.87,40.6228,21.6573,46.57,6.69,40.13,bullish,"MACD > Signal, +DI > -DI, ADX strong, Bullish Divergence",-96.94,-1.94,51347.85,9795.49
2020-06-16 14:00:00+05:30,2020-06-18 14:05:00+05:30,short,9861.8,10047.0,0.507,37.7,-28.2703,-32.9725,6.86,29.46,53.42,bearish,"-DI > +DI, ADX strong, Bearish Divergence",-93.9,-1.88,51253.95,10059.04
2020-06-18 15:05:00+05:30,2020-06-24 14:45:00+05:30,buy,10081.55,10323.05,0.496,73.57,28.7808,28.8992,35.2,15.73,40.88,bullish,"+DI > -DI, ADX strong, Bullish Divergence",119.78,2.4,51373.74,9879.92
2020-06-24 14:50:00+05:30,2020-07-14 10:50:00+05:30,buy,10318.25,10654.1,0.4846,28.57,-33.8793,-26.7589,13.97,6.88,42.39,bullish,"RSI < oversold, +DI > -DI, ADX strong, Bullish Divergence",162.75,3.25,51536.49,10111.88
2020-07-14 11:10:00+05:30,2020-07-15 10:25:00+05:30,short,10628.35,10780.8,0.4704,9.83,-33.1053,-28.7495,2.05,4.75,33.31,bearish,"MACD < Signal, -DI > +DI, ADX strong, Bearish Divergence",-71.71,-1.43,51464.78,10840.92
2020-07-15 10:35:00+05:30,2020-07-17 10:20:00+05:30,short,10788.45,10813.15,0.4635,85.16,38.9518,35.1527,31.89,33.96,41.23,bearish,"RSI > overbought, -DI > +DI, ADX strong, Bearish Divergence",-11.45,-0.23,51453.33,11004.22
2020-07-17 10:30:00+05:30,2020-07-20 09:45:00+05:30,short,10812.45,11014.95,0.4624,55.94,26.4307,28.7307,6.45,27.42,18.3,bearish,"MACD < Signal, -DI > +DI, Bearish Divergence",-93.64,-1.87,51359.69,11028.7
2020-07-20 10:05:00+05:30,2020-07-22 12:15:00+05:30,short,11008.75,11180.95,0.4542,86.48,43.9462,42.6565,38.29,29.66,24.17,bearish,"RSI > overbought, ADX strong, Bearish Divergence",-78.21,-1.56,51281.48,11228.92
2020-07-22 12:30:00+05:30,2020-07-30 14:15:00+05:30,buy,11166.05,11091.3,0.4478,48.64,3.9157,4.9951,12.11,17.9,25.82,bullish,"ADX strong, Bullish Divergence",-33.47,-0.67,51248.0,10942.73
2020-07-30 15:05:00+05:30,2020-08-05 09:15:00+05:30,short,11108.75,11186.2,0.4501,36.68,-26.5155,-27.8279,10.86,11.33,27.39,bearish,"-DI > +DI, ADX strong, Bearish Divergence",-34.86,-0.7,51213.14,11330.92
2020-08-05 09:35:00+05:30,2020-08-10 09:25:00+05:30,short,11201.85,11307.0,0.4464,84.49,35.1277,24.5437,43.98,20.91,20.4,bearish,"RSI > overbought, ADX strong, Bearish Divergence",-46.94,-0.94,51166.21,11425.89
2020-08-10 09:50:00+05:30,2020-08-14 14:15:00+05:30,buy,11308.5,11137.05,0.4421,82.15,29.4973,22.5729,45.85,24.66,20.68,bullish,"MACD > Signal, +DI > -DI, ADX strong, Bullish Divergence",-75.8,-1.52,51090.41,11082.33
2020-08-14 14:55:00+05:30,2020-08-31 11:45:00+05:30,buy,11172.8,11537.95,0.4475,34.05,-39.3575,-41.3024,5.59,16.48,76.43,bullish,"MACD > Signal, ADX strong, Bullish Divergence",163.4,3.27,51253.81,10949.34
2020-08-31 12:05:00+05:30,2020-09-03 09:15:00+05:30,short,11571.3,11561.7,0.4321,28.24,-39.6652,-31.2303,7.56,10.17,76.18,bearish,"MACD < Signal, -DI > +DI, ADX strong, Bearish Divergence",4.15,0.08,51257.96,11802.73
2020-09-03 09:40:00+05:30,2020-09-04 14:40:00+05:30,buy,11555.65,11334.9,0.4327,67.7,16.919,17.0776,23.48,24.76,12.27,bullish,Bullish Divergence,-95.52,-1.91,51162.44,11324.54
2020-09-04 15:25:00+05:30,2020-09-10 11:50:00+05:30,short,11358.35,11420.35,0.4402,38.2,-17.7393,-18.9467,5.47,17.19,73.04,bearish,"-DI > +DI, ADX strong, Bearish Divergence",-27.29,-0.55,51135.15,11585.52
2020-09-10 12:10:00+05:30,2020-09-21 14:00:00+05:30,buy,11410.15,11375.8,0.4382,62.26,17.0484,20.3753,13.96,21.8,18.93,bullish,Bullish Divergence,-15.05,-0.3,51120.1,11181.95
2020-09-21 14:50:00+05:30,2020-09-23 13:40:00+05:30,buy,11293.9,11062.9,0.4427,25.29,-45.9985,-43.3724,9.4,11.86,61.14,bullish,"RSI < oversold, ADX strong, Bullish Divergence",-102.26,-2.05,51017.83,11068.02
2020-09-23 14:10:00+05:30,2020-09-25 14:10:00+05:30,short,11054.3,11024.5,0.4523,32.66,-31.6801,-28.6697,14.94,5.74,18.9,bearish,"MACD < Signal, Bearish Divergence",13.48,0.27,51031.31,11275.39
2020-09-25 14:45:00+05:30,2020-10-15 14:05:00+05:30,buy,11058.0,11745.95,0.4522,75.39,22.4762,17.8733,29.59,22.39,10.84,bullish,"MACD > Signal, +DI > -DI, Bullish Divergence",311.09,6.22,51342.4,10836.84
2020-10-15 14:40:00+05:30,2020-10-26 12:55:00+05:30,buy,11718.5,11757.8,0.4267,27.03,-42.1772,-38.2377,2.21,13.03,36.08,bullish,"RSI < oversold, ADX strong, Bullish Divergence",16.77,0.34,51359.17,11484.13
2020-10-26 13:45:00+05:30,2020-10-29 09:15:00+05:30,buy,11778.05,11615.9,0.4245,46.23,-19.9006,-22.8917,12.34,14.14,21.3,bullish,"MACD > Signal, ADX strong, Bullish Divergence",-68.83,-1.38,51290.34,11542.49
2020-10-29 10:05:00+05:30,2020-11-25 15:00:00+05:30,buy,11693.05,12856.85,0.4276,41.03,-14.9461,-19.041,10.39,22.33,45.79,bullish,"MACD > Signal, ADX strong, Bullish Divergence",497.64,9.95,51787.98,11459.19
2020-11-25 15:05:00+05:30,2020-12-21 14:20:00+05:30,buy,12855.05,13488.3,0.389,28.2,-33.5998,-30.8187,9.01,8.01,25.83,bullish,"RSI < oversold, +DI > -DI, ADX strong, Bullish Divergence",246.33,4.93,52034.31,12597.95
2020-12-21 14:40:00+05:30,2021-01-18 09:30:00+05:30,buy,13358.3,14340.2,0.3743,22.53,-85.0111,-59.1114,1.05,23.95,82.36,bullish,"RSI < oversold, ADX strong, Bullish Divergence",367.53,7.35,52401.84,13091.13
2021-01-18 10:25:00+05:30,2021-01-22 11:20:00+05:30,buy,14300.9,14456.1,0.3496,26.38,-36.6621,-32.5978,3.78,9.14,29.31,bullish,"RSI < oversold, ADX strong, Bullish Divergence",54.26,1.09,52456.1,14014.88
2021-01-22 12:05:00+05:30,2021-01-27 09:15:00+05:30,buy,14493.6,14168.5,0.345,40.21,-22.1947,-26.4622,15.92,12.31,35.29,bullish,"MACD > Signal, +DI > -DI, ADX strong, Bullish Divergence",-112.16,-2.24,52343.94,14203.73
2021-01-27 09:50:00+05:30,2021-01-28 09:15:00+05:30,buy,14129.5,13834.25,0.3539,21.1,-49.6803,-43.1084,6.0,4.12,22.18,bullish,"RSI < oversold, +DI > -DI, ADX strong, Bullish Divergence",-104.49,-2.09,52239.45,13846.91
2021-01-28 09:40:00+05:30,2021-02-01 11:45:00+05:30,short,13880.25,13899.7,0.3602,32.02,-43.6167,-38.4959,15.5,14.78,9.08,bearish,"MACD < Signal, Bearish Divergence",-7.01,-0.14,52232.44,14157.86
2021-02-01 12:30:00+05:30,2021-02-01 13:25:00+05:30,short,13869.85,14152.35,0.3605,58.29,25.4426,28.1469,19.54,27.8,20.8,bearish,"MACD < Signal, -DI > +DI, ADX strong, Bearish Divergence",-101.84,-2.04,52130.6,14147.25
2021-02-01 14:00:00+05:30,2021-02-02 09:15:00+05:30,short,14166.0,14564.15,0.353,69.8,87.2634,83.7047,18.62,47.65,17.38,bearish,"-DI > +DI, Bearish Divergence",-140.55,-2.81,51990.06,14449.32
2021-02-02 09:25:00+05:30,2021-02-03 11:20:00+05:30,short,14642.3,14820.85,0.3415,92.87,116.1701,86.1047,56.17,21.99,18.11,bearish,"RSI > overbought, Bearish Divergence",-60.97,-1.22,51929.08,14935.15
2021-02-03 11:40:00+05:30,2021-02-08 09:15:00+05:30,short,14803.85,15085.75,0.3377,51.05,26.7224,31.5691,15.27,9.49,31.78,bearish,"MACD < Signal, ADX strong, Bearish Divergence",-95.2,-1.9,51833.88,15099.93
2021-02-08 09:25:00+05:30,2021-02-15 09:25:00+05:30,short,15098.7,15307.45,0.3312,73.82,29.1806,8.5605,39.29,16.71,32.45,bearish,"RSI > overbought, ADX strong, Bearish Divergence",-69.14,-1.38,51764.75,15400.67
2021-02-15 10:00:00+05:30,2021-02-18 12:20:00+05:30,buy,15286.1,15113.5,0.3271,78.96,32.9727,26.0173,49.74,11.98,52.6,bullish,"MACD > Signal, +DI > -DI, ADX strong, Bullish Divergence",-56.46,-1.13,51708.29,14980.38
2021-02-18 12:30:00+05:30,2021-02-22 11:15:00+05:30,buy,15114.95,14838.9,0.3308,23.03,-25.8174,-20.9616,1.47,11.46,58.07,bullish,"RSI < oversold, ADX strong, Bullish Divergence",-91.32,-1.83,51616.97,14812.65
2021-02-22 11:20:00+05:30,2021-02-26 09:15:00+05:30,buy,14832.6,14841.5,0.3371,35.39,-29.4575,-24.7591,7.71,16.01,40.62,bullish,"ADX strong, Bullish Divergence",3.0,0.06,51619.97,14535.95
2021-02-26 09:30:00+05:30,2021-03-01 10:20:00+05:30,short,14909.7,14770.2,0.3354,19.86,-55.0249,-27.5655,2.81,15.06,34.53,bearish,"MACD < Signal, -DI > +DI, ADX strong, Bearish Divergence",46.79,0.94,51666.76,15207.89
2021-03-01 10:25:00+05:30,2021-03-02 15:15:00+05:30,short,14785.0,14949.15,0.3382,69.72,36.4385,27.9061,20.4,34.97,46.88,bearish,"-DI > +DI, ADX strong, Bearish Divergence",-55.52,-1.11,51611.24,15080.7
2021-03-02 15:20:00+05:30,2021-03-03 15:10:00+05:30,short,14952.35,15247.7,0.3344,75.64,24.8648,13.2646,29.97,29.16,21.65,bearish,"RSI > overbought, ADX strong, Bearish Divergence",-98.77,-1.98,51512.48,15251.4
2021-03-03 15:20:00+05:30,2021-03-05 13:50:00+05:30,buy,15248.7,14918.85,0.3279,80.26,32.9674,27.1188,44.51,29.68,19.41,bullish,"MACD > Signal, +DI > -DI, Bullish Divergence",-108.16,-2.16,51404.32,14943.73
2021-03-05 14:10:00+05:30,2021-03-12 14:10:00+05:30,buy,14892.0,14995.8,0.3358,21.04,-31.0163,-18.1834,1.95,9.75,41.11,bullish,"RSI < oversold, ADX strong, Bullish Divergence",34.86,0.7,51439.18,14594.16
2021-03-12 14:15:00+05:30,2021-03-15 13:05:00+05:30,buy,14992.6,14751.85,0.3335,17.21,-58.4766,-42.4465,1.4,10.92,34.45,bullish,"RSI < oversold, ADX strong, Bullish Divergence",-80.29,-1.61,51358.89,14692.75
2021-03-15 13:15:00+05:30,2021-03-19 13:55:00+05:30,short,14769.7,14667.2,0.3385,28.86,-23.0095,-23.7097,8.45,11.18,16.53,bearish,"-DI > +DI, Bearish Divergence",34.7,0.69,51393.58,15065.09
2021-03-19 14:10:00+05:30,2021-03-26 12:55:00+05:30,short,14673.85,14562.75,0.3407,73.23,28.088,20.463,20.61,31.06,12.75,bearish,"RSI > overbought, -DI > +DI, Bearish Divergence",37.85,0.76,51431.43,14967.33
2021-03-26 13:05:00+05:30,2021-04-05 10:10:00+05:30,buy,14522.75,14575.85,0.3443,45.49,15.5065,19.2316,12.54,21.49,14.53,bullish,Bullish Divergence,18.28,0.37,51449.72,14232.3
2021-04-05 10:40:00+05:30,2021-04-12 09:15:00+05:30,buy,14534.1,14530.85,0.344,24.49,-77.029,-61.6614,0.77,12.53,67.07,bullish,"RSI < oversold, ADX strong, Bullish Divergence",-1.12,-0.02,51448.6,14243.42
2021-04-12 09:25:00+05:30,2021-04-19 09:15:00+05:30,buy,14454.75,14252.4,0.3459,7.07,-69.3443,-27.3441,5.2,2.83,22.35,bullish,"RSI < oversold, +DI > -DI, ADX strong, Bullish Divergence",-69.99,-1.4,51378.61,14165.66
2021-04-19 09:25:00+05:30,2021-04-22 09:15:00+05:30,buy,14264.4,14164.75,0.3505,5.21,-79.436,-33.6624,0.53,8.69,31.88,bullish,"RSI < oversold, ADX strong, Bullish Divergence",-34.93,-0.7,51343.68,13979.11
2021-04-22 09:30:00+05:30,2021-04-30 13:40:00+05:30,buy,14208.55,14728.45,0.3519,41.5,-36.5808,-30.5124,11.21,23.42,26.96,bullish,"ADX strong, Bullish Divergence",182.95,3.66,51526.63,13924.38
2021-04-30 13:45:00+05:30,2021-05-07 09:15:00+05:30,short,14729.15,14841.6,0.3395,15.87,-17.5524,-12.0666,4.2,9.92,65.8,bearish,"MACD < Signal, -DI > +DI, ADX strong, Bearish Divergence",-38.18,-0.76,51488.45,15023.73
2021-05-07 09:25:00+05:30,2021-05-17 14:35:00+05:30,short,14852.25,14898.4,0.3366,88.36,33.5537,17.3774,58.85,17.58,32.9,bearish,"RSI > overbought, ADX strong, Bearish Divergence",-15.53,-0.31,51472.92,15149.3
2021-05-17 15:10:00+05:30,2021-05-24 09:15:00+05:30,short,14920.55,15242.7,0.3351,70.13,19.8985,17.8043,24.62,23.38,11.6,bearish,"RSI > overbought, Bearish Divergence",-107.95,-2.16,51364.97,15218.96
2021-05-24 09:20:00+05:30,2021-05-28 13:35:00+05:30,short,15247.95,15456.55,0.3279,86.68,29.4995,22.2673,44.73,31.84,12.71,bearish,"RSI > overbought, Bearish Divergence",-68.4,-1.37,51296.57,15552.91
2021-05-28 13:40:00+05:30,2021-06-18 10:25:00+05:30,buy,15450.8,15561.45,0.3236,66.38,6.7599,5.1412,21.5,28.71,13.04,bullish,"MACD > Signal, Bullish Divergence",35.81,0.72,51332.37,15141.78
2021-06-18 10:50:00+05:30,2021-07-20 10:35:00+05:30,buy,15518.65,15634.45,0.3222,22.73,-38.0514,-28.7213,0.96,10.55,44.13,bullish,"RSI < oversold, ADX strong, Bullish Divergence",37.31,0.75,51369.69,15208.28
2021-07-20 10:40:00+05:30,2021-07-28 10:40:00+05:30,buy,15611.55,15551.55,0.3203,30.26,-26.6161,-24.3745,13.81,4.57,44.45,bullish,"+DI > -DI, ADX strong, Bullish Divergence",-19.22,-0.38,51350.47,15299.32
2021-07-28 10:55:00+05:30,2021-09-20 15:00:00+05:30,buy,15548.15,17414.5,0.3216,21.65,-41.8749,-35.3111,1.53,19.51,45.34,bullish,"RSI < oversold, ADX strong, Bullish Divergence",600.22,12.0,51950.69,15237.19
2021-09-20 15:05:00+05:30,2021-10-01 09:15:00+05:30,buy,17389.85,17487.85,0.2875,21.4,-29.5113,-22.2664,5.63,5.88,21.8,bullish,"RSI < oversold, ADX strong, Bullish Divergence",28.17,0.56,51978.86,17042.05
2021-10-01 09:25:00+05:30,2021-10-05 14:35:00+05:30,short,17506.95,17816.25,0.2856,32.87,-32.7125,-20.1439,4.87,15.56,17.84,bearish,"MACD < Signal, -DI > +DI, Bearish Divergence",-88.34,-1.77,51890.52,17857.09
2021-10-05 14:40:00+05:30,2021-10-11 10:10:00+05:30,short,17826.3,17979.0,0.2805,72.85,23.1225,19.9609,25.45,21.89,12.49,bearish,"RSI > overbought, Bearish Divergence",-42.83,-0.86,51847.69,18182.83
2021-10-11 10:25:00+05:30,2021-10-21 10:35:00+05:30,buy,17968.95,18206.15,0.2783,83.18,19.2576,15.9497,14.6,55.88,50.06,bullish,"MACD > Signal, ADX strong, Bullish Divergence",66.01,1.32,51913.7,17609.57
2021-10-21 10:40:00+05:30,2021-10-28 13:35:00+05:30,buy,18183.4,17967.75,0.275,28.77,-18.5066,-10.8241,5.26,13.81,47.14,bullish,"RSI < oversold, ADX strong, Bullish Divergence",-59.3,-1.19,51854.4,17819.73
2021-10-28 13:40:00+05:30,2021-11-08 12:45:00+05:30,short,17978.75,18005.25,0.2781,42.69,-17.1147,-14.7727,9.25,14.92,16.89,bearish,"MACD < Signal, -DI > +DI, Bearish Divergence",-7.37,-0.15,51847.03,18338.32
2021-11-08 12:50:00+05:30,2021-11-15 09:15:00+05:30,short,18022.1,18199.6,0.2774,89.72,29.3722,22.3948,26.44,43.26,29.95,bearish,"RSI > overbought, -DI > +DI, ADX strong, Bearish Divergence",-49.24,-0.98,51797.79,18382.54
2021-11-15 10:00:00+05:30,2021-11-18 10:10:00+05:30,buy,18163.1,17795.05,0.2753,64.31,31.1133,32.7703,29.74,17.97,24.51,bullish,"+DI > -DI, ADX strong, Bullish Divergence",-101.32,-2.03,51696.47,17799.84
2021-11-18 10:25:00+05:30,2021-11-24 11:10:00+05:30,short,17759.9,17590.55,0.2815,19.35,-45.2555,-34.5514,2.07,14.11,10.93,bearish,"MACD < Signal, -DI > +DI, Bearish Divergence",47.67,0.95,51744.14,18115.1
2021-11-24 11:15:00+05:30,2021-11-26 09:55:00+05:30,buy,17579.0,17233.25,0.2844,75.06,15.789,14.6653,23.55,24.97,27.08,bullish,"MACD > Signal, ADX strong, Bullish Divergence",-98.33,-1.97,51645.81,17227.42
2021-11-26 10:25:00+05:30,2021-11-29 09:15:00+05:30,buy,17158.6,16837.3,0.2914,22.4,-78.702,-65.7519,13.42,9.6,18.59,bullish,"RSI < oversold, +DI > -DI, Bullish Divergence",-93.63,-1.87,51552.18,16815.43
2021-11-29 09:50:00+05:30,2021-11-30 15:15:00+05:30,buy,17027.2,16958.5,0.2936,43.68,-35.2057,-42.965,23.58,13.02,32.76,bullish,"MACD > Signal, +DI > -DI, ADX strong, Bullish Divergence",-20.17,-0.4,51532.01,16686.66
2021-12-01 10:15:00+05:30,2021-12-06 09:30:00+05:30,buy,17096.95,17119.1,0.2924,66.97,8.6821,8.6899,35.66,15.38,45.23,bullish,"+DI > -DI, ADX strong, Bullish Divergence",6.48,0.13,51538.49,16755.01
2021-12-06 09:55:00+05:30,2021-12-14 09:15:00+05:30,buy,17132.0,17263.25,0.2919,38.82,-33.3507,-32.6961,1.63,24.1,43.0,bullish,"ADX strong, Bullish Divergence",38.31,0.77,51576.8,16789.36
2021-12-14 10:35:00+05:30,2021-12-21 09:15:00+05:30,short,17253.4,16776.95,0.2898,34.96,-32.6514,-29.7353,9.31,18.54,22.04,bearish,"MACD < Signal, -DI > +DI, ADX strong, Bearish Divergence",138.08,2.76,51714.88,17598.47
2021-12-21 09:55:00+05:30,2021-12-23 09:15:00+05:30,short,16827.2,17037.5,0.2971,76.03,69.8331,57.0276,34.95,25.51,23.89,bearish,"RSI > overbought, ADX strong, Bearish Divergence",-62.48,-1.25,51652.4,17163.74
2021-12-23 09:35:00+05:30,2021-12-28 09:30:00+05:30,short,17068.6,17210.3,0.2929,94.15,43.3301,30.1714,52.17,18.98,30.17,bearish,"RSI > overbought, ADX strong, Bearish Divergence",-41.5,-0.83,51610.89,17409.97
2021-12-28 10:20:00+05:30,2022-01-03 11:10:00+05:30,short,17201.4,17527.65,0.2907,70.58,30.8172,30.8983,33.39,16.72,44.07,bearish,"RSI > overbought, MACD < Signal, ADX strong, Bearish Divergence",-94.84,-1.9,51516.05,17545.43
2022-01-03 11:15:00+05:30,2022-01-19 09:35:00+05:30,buy,17525.2,17979.5,0.2853,68.12,25.7817,28.3796,22.55,18.11,19.09,bullish,"+DI > -DI, Bullish Divergence",129.61,2.59,51645.66,17174.7
2022-01-19 09:40:00+05:30,2022-01-20 13:55:00+05:30,buy,17964.6,17686.4,0.2783,17.58,-64.1681,-49.6683,3.0,9.23,61.16,bullish,"RSI < oversold, ADX strong, Bullish Divergence",-77.42,-1.55,51568.24,17605.31
2022-01-20 14:00:00+05:30,2022-01-25 13:50:00+05:30,short,17691.0,17215.9,0.2826,12.56,-32.4376,-25.6827,0.0,5.9,60.45,bearish,"MACD < Signal, -DI > +DI, ADX strong, Bearish Divergence",134.26,2.69,51702.5,18044.82
2022-01-25 13:55:00+05:30,2022-01-27 09:35:00+05:30,buy,17215.75,16940.45,0.2904,82.36,29.5187,19.5676,24.87,38.43,8.8,bullish,"MACD > Signal, Bullish Divergence",-79.95,-1.6,51622.56,16871.44
2022-01-27 09:40:00+05:30,2022-01-28 09:15:00+05:30,short,16960.05,17284.15,0.2948,26.42,-53.1162,-13.9162,2.93,9.86,27.61,bearish,"MACD < Signal, -DI > +DI, ADX strong, Bearish Divergence",-95.54,-1.91,51527.01,17299.25
2022-01-28 09:45:00+05:30,2022-02-07 09:35:00+05:30,buy,17319.7,17434.2,0.2887,77.87,71.1468,55.7965,34.05,21.96,30.39,bullish,"MACD > Signal, +DI > -DI, ADX strong, Bullish Divergence",33.06,0.66,51560.07,16973.31
2022-02-07 10:00:00+05:30,2022-02-09 09:15:00+05:30,short,17409.7,17391.0,0.2872,21.57,-25.8075,-17.2056,8.47,16.58,21.33,bearish,"MACD < Signal, -DI > +DI, ADX strong, Bearish Divergence",5.37,0.11,51565.44,17757.89
2022-02-09 09:40:00+05:30,2022-02-14 09:15:00+05:30,buy,17392.2,16945.25,0.2875,80.85,56.3027,40.6161,38.94,29.24,24.93,bullish,"MACD > Signal, +DI > -DI, ADX strong, Bullish Divergence",-128.5,-2.57,51436.94,17044.36
2022-02-14 09:50:00+05:30,2022-02-15 13:40:00+05:30,short,17001.2,17164.1,0.2941,21.66,-110.6024,-82.6349,3.94,16.97,63.23,bearish,"MACD < Signal, -DI > +DI, ADX strong, Bearish Divergence",-47.91,-0.96,51389.03,17341.22
